{"skeleton":{"hash":"5ukf7kUmM3NXq1tJT6xxATzQHAM","spine":"2.1.27","width":133.53,"height":156.05,"images":"./images/hero02/"},"bones":[{"name":"root"},{"name":"effect","parent":"root"},{"name":"hip","parent":"root","x":-0.01,"y":32.07,"rotation":0.44},{"name":"body","parent":"hip","length":30.85,"x":0.06,"y":0.64,"rotation":96.73},{"name":"leg_left_2","parent":"hip","length":14.93,"x":-9.25,"y":-6.9,"rotation":-122.73},{"name":"leg_right_2","parent":"hip","length":15.98,"x":7.42,"y":-3.63,"rotation":-56.2},{"name":"arm_left_2","parent":"body","length":23.5,"x":31.86,"y":17.39,"rotation":113.19},{"name":"arm_right_2","parent":"body","length":17.62,"x":26.62,"y":-19.56,"rotation":-146.99},{"name":"bone10","parent":"body","length":12.79,"x":-5.36,"y":-1.57,"rotation":-168.43},{"name":"bone11","parent":"body","length":13.58,"x":-2.39,"y":-11.4,"rotation":-141.78},{"name":"bone9","parent":"body","length":15.02,"x":0.88,"y":12.77,"rotation":129.58},{"name":"face","parent":"body","length":14.79,"x":31.65,"y":0.97,"rotation":-96.29},{"name":"left","parent":"body","x":29.67,"y":24.57,"rotation":-97.18},{"name":"leg_left_1","parent":"leg_left_2","length":13.48,"x":14.84,"y":0.12,"rotation":9.46},{"name":"leg_right_1","parent":"leg_right_2","length":14.22,"x":17.38,"y":-0.87,"rotation":0.45},{"name":"right","parent":"body","length":0.26,"x":32.9,"y":-29.77,"rotation":-96.73},{"name":"arm_left_1","parent":"arm_left_2","length":31.13,"x":23.29,"y":-0.17,"rotation":76.8},{"name":"arm_right_1","parent":"arm_right_2","length":20.92,"x":18.25,"y":-0.2,"rotation":103.82,"color":"ff3f00ff"},{"name":"bone","parent":"arm_left_2","x":7.98,"y":-0.26,"rotation":-4.36,"color":"ff3f00ff"},{"name":"bone5","parent":"face","length":24.76,"x":0.44,"y":2.39,"rotation":86.1},{"name":"bone2","parent":"bone5","length":13.03,"x":14.17,"y":2.42,"rotation":68.8},{"name":"bone3","parent":"bone5","length":16.69,"x":23.2,"y":4.39,"rotation":57.66},{"name":"bone4","parent":"bone5","length":12.22,"x":28.5,"y":-2.21,"rotation":47.83},{"name":"sword","parent":"arm_right_1","length":120.59,"x":17.02,"y":-0.64,"rotation":85.49},{"name":"bone6","parent":"bone3","length":22.2,"x":16.22,"y":-0.15,"rotation":3.15},{"name":"bone7","parent":"bone2","length":21.42,"x":13.03,"y":0.18},{"name":"bone8","parent":"bone4","length":14.52,"x":11.54,"y":-0.01,"rotation":-1.81}],"slots":[{"name":"leg_right_2","bone":"leg_right_2","attachment":"leg_right_2"},{"name":"leg_right_1","bone":"leg_right_1","attachment":"leg_right_1"},{"name":"leg_left_2","bone":"leg_left_2","attachment":"leg_left_2"},{"name":"leg_left_1","bone":"leg_left_1","attachment":"leg_left_1"},{"name":"arm_right_2","bone":"arm_right_2","attachment":"arm_right_2"},{"name":"right","bone":"right","attachment":"right"},{"name":"sword","bone":"sword","attachment":"sword"},{"name":"arm_right_1","bone":"arm_right_1","attachment":"arm_right_1"},{"name":"body","bone":"body","attachment":"body"},{"name":"face","bone":"face","attachment":"face"},{"name":"arm_left_2","bone":"arm_left_2","attachment":"arm_left_2"},{"name":"arm_left_1","bone":"arm_left_1","attachment":"arm_left_1"},{"name":"left","bone":"left","attachment":"left"},{"name":"effect","bone":"effect"}],"skins":{"default":{"arm_left_1":{"arm_left_1":{"x":17.08,"y":0.26,"rotation":90.27,"width":23,"height":35}},"arm_left_2":{"arm_left_2":{"x":15.83,"y":-2.06,"rotation":141.78,"width":23,"height":25}},"arm_right_1":{"arm_right_1":{"x":12.26,"y":0.68,"rotation":87.95,"width":25,"height":31}},"arm_right_2":{"arm_right_2":{"x":15.09,"y":-0.7,"rotation":65.45,"width":23,"height":25}},"body":{"body":{"type":"skinnedmesh","uvs":[0.58334,0.00176,0.89514,0.08254,0.97256,0.40035,0.90142,0.63165,1,0.78702,0.99767,0.93887,0.84282,0.91591,0.74447,1,0.49755,1,0.39082,0.88943,0.23388,0.96712,0.02043,0.9371,0,0.8753,0,0.68638,0.10832,0.61752,0.12506,0.52571,0,0.35268,0,0.07901,0.07066,0,0.42012,0.67932,0.72982,0.67226],"triangles":[19,15,0,15,16,0,0,16,18,16,17,18,0,20,19,1,2,0,14,9,10,10,11,12,10,12,14,9,14,19,12,13,14,19,14,15,8,9,20,7,8,20,20,9,19,6,7,20,5,6,4,6,3,4,6,20,3,3,20,2,2,20,0],"vertices":[2,9,-35.87,24.07,0.03277,3,40.66999,-8.12,0.96722,2,9,-21.41,32,0.16892,3,34.22,-23.29,0.83107,2,9,-4.06,20.59,0.48023,3,13.53,-25.07,0.51976,2,9,3.7,7.41,0.92209,3,-0.71,-19.52,0.0779,1,9,14.5,4.16,1,2,9,21.29,-2.79,0.97619,8,19.34,17.28,0.0238,2,9,14.35,-7.67,0.65746,8,15.32,9.8,0.34253,2,9,14.4,-15.23,0.11786,8,18.76,3.07,0.88213,2,8,14.58,-9.58,0.93332,10,8.22999,22.34,0.06667,2,8,6.06,-12.84,0.58734,10,7.09,13.28,0.41265,2,8,8.12,-22.44,0.11667,10,16.54,10.59,0.88332,2,8,2.68,-32.79,0.00115,10,23.12,0.93,0.99884,1,10,21.02,-2.58999,1,1,10,12.29,-10.94,1,2,10,5.06,-9.76,0.95466,3,5.19,22.9,0.04533,2,10,0.19,-13.17,0.71228,3,10.92,21.31,0.28771,2,10,-3.14,-25.7,0.3546,3,22.7,26.73,0.64538,2,10,-15.8,-37.8,0.13781,3,40.09999,24.68,0.86218,2,10,-22.09,-38.54,0.1122,3,44.67,20.29999,0.88779,3,8,-5.6,-6.73,0.16924,10,-3.77,5.86,0.56006,3,-1.22,6.13,0.27068,1,9,-1,-0.97,1],"hull":19,"edges":[0,2,2,4,4,6,6,8,8,10,10,12,12,14,14,16,16,18,18,20,20,22,22,24,24,26,26,28,28,30,30,32,32,34,34,36,36,0,18,38,12,40],"width":54,"height":64}},"effect":{"effect":{"color":"fffffff1","scaleX":0.739,"scaleY":0.739,"width":500,"height":500},"effect2":{"x":146.16,"y":89.37,"scaleX":0.816,"scaleY":1.577,"rotation":9.78,"width":337,"height":268}},"face":{"face":{"type":"skinnedmesh","uvs":[0.35521,8.3E-4,0.37797,0.00131,0.58646,0.20493,0.82062,0.22322,1,0.42562,1,0.59052,1,0.728,0.94251,0.80603,0.9115,0.97307,0.82703,1,0.54476,1,0.43463,0.87797,0.42822,0.80725,0.30312,0.72068,0.29884,0.66215,0,0.38538,0,0.3435,0,0.30491,0.13312,0.30003,0,0.10129,0,0.02692,0.06148,0,0.30312,0.08666,0.31595,0,0.46143,0.36666,0.4005,0.47666,0.7085,0.64455,0.55619,0.57315,0.54943,0.74683,0.40389,0.57701,0.72543,0.51718,0.85066,0.64262,0.85912,0.72946,0.93696,0.7256],"triangles":[22,23,0,0,1,24,24,22,0,1,2,24,16,17,18,25,15,16,25,16,18,14,15,25,20,18,19,24,20,22,20,24,18,21,22,20,31,30,4,5,31,4,30,26,24,26,30,31,33,31,5,33,5,6,30,2,3,30,3,4,24,2,30,25,18,24,27,25,24,24,26,27,28,27,26,11,12,28,29,25,27,14,25,29,13,14,29,28,29,27,12,13,29,28,12,29,32,31,33,32,26,31,10,11,28,9,28,32,32,7,9,8,9,7,10,28,9,7,33,6,7,32,33,26,32,28],"vertices":[2,24,8.14999,-14.95,0.00149,26,17.16,-1.19,0.9985,1,26,16.14,-2.27,1,2,22,9.83,-4.36,0.8432,26,-1.56,-4.4,0.15679,3,11,16.12,39.64,0.01726,20,-5.79,-28.04,0.00195,22,-1.54,-14.52,0.98078,3,11,27.69,28.02,0.14302,20,-21.2,-22.42,0.04241,22,-17.94,-14.79,0.81455,3,11,27.62,18.62,0.30355,20,-25.12,-13.88,0.07122,22,-24.66,-8.22,0.62522,3,11,27.57,10.78,0.51074,20,-28.39,-6.75,0.0721,22,-30.27,-2.74,0.41715,3,11,23.8,6.36,0.70556,20,-26.85,-1.15,0.05486,22,-30.83,3.03,0.23956,3,11,21.71,-3.13,0.98877,20,-28.99,8.33,4.0E-4,22,-36.23,11.13,0.01081,1,11,16.20999,-4.63,1,1,11,-2.13,-4.48999,1,3,11,-9.24,2.51,0.5382,20,1.43,16.34,0.4482,25,-11.6,16.15,0.01359,3,11,-9.62,6.54,0.29829,20,3.49,12.85,0.6571,25,-9.54,12.66,0.0446,3,11,-17.71999,11.54,0.04102,20,12.94,11.76,0.63649,25,-0.09,11.57,0.32247,3,11,-17.96999,14.87,0.01916,20,14.58,8.84,0.51052,25,1.55,8.64999,0.47029,1,25,25.78,2.42,1,1,25,26.78,0.25,1,2,24,18.24,12.09,0.00379,25,27.7,-1.73,0.9962,2,24,11.1,7.19,0.48546,25,19.95,-5.6,0.51453,1,24,24.5,2.32,1,1,24,26.79,-1.24,1,1,24,24.25,-4.69,1,2,24,8.35999,-9.01,0.4381,26,15.85,4.6,0.56189,2,24,10.33,-13.61,0.04318,26,18.92,0.64,0.95681,3,21,7.39,-1.76,0.84477,22,8.92,7.88,0.13581,26,-2.86,7.81,0.0194,3,20,12.99,-3.51,0.21212,21,6.93,5.63,0.3218,25,-0.04,-3.7,0.46607,4,11,8.64999,15.68,0.36102,20,-9.18999,-3.17,0.38767,21,-14.89,1.68,0.01533,22,-13.62,7.47,0.23597,2,20,1.5,-2.74,0.88041,21,-4.48999,4.17,0.11958,3,11,-1.72,9.93,0.31275,20,-2.22,6.43,0.68266,25,-15.26,6.24,0.00458,3,11,-11.11,19.68,0.00458,20,10.39999,1.58,0.77681,25,-2.61999,1.4,0.21859,4,11,9.81,22.93,0.11359,20,-7.16,-10.22999,0.25173,21,-11.54,-4.84,0.07045,22,-9.2,1.61,0.56421,4,11,17.9,15.72,0.3848,20,-17.54,-7.13,0.1329,21,-22.32,-3.81,0.00138,22,-20,0.79,0.4809,3,11,18.41,10.77,0.54718,20,-20.1,-2.86,0.10794,22,-23.92,3.85,0.34487,3,11,23.47,10.95,0.49693,20,-24.61,-5.17,0.07862,22,-27.3,0.08,0.42443],"hull":24,"edges":[2,4,4,6,6,8,12,14,14,16,16,18,18,20,20,22,22,24,24,26,26,28,28,30,34,36,36,38,38,40,40,42,42,44,44,46,40,48,2,0,0,46,0,48,30,32,32,34,32,50,50,48,48,4,48,52,52,54,54,56,56,58,58,28,52,60,60,62,62,64,64,66,8,10,10,12,66,10],"width":65,"height":57}},"left":{"left":{"x":-1.33,"y":2.14,"rotation":-8.32,"width":42,"height":37}},"leg_left_1":{"leg_left_1":{"x":3.8,"y":1.58,"rotation":113.72,"width":24,"height":17}},"leg_left_2":{"leg_left_2":{"x":9.93,"y":0.68,"rotation":122.73,"width":26,"height":22}},"leg_right_1":{"leg_right_1":{"x":4.22,"y":-1.1,"rotation":55.75,"width":20,"height":18}},"leg_right_2":{"leg_right_2":{"x":12.67,"y":-1.72,"rotation":56.2,"width":19,"height":17}},"right":{"right":{"x":-4.46,"y":-0.97,"rotation":4.81,"width":30,"height":29}},"sword":{"sword":{"x":46.94,"y":-2.54,"rotation":-91.02,"width":41,"height":142}}}},"events":{"onAtk":{},"onEnd":{}},"animations":{"atk01":{"bones":{"root":{"rotate":[{"time":0,"angle":0,"curve":"stepped"},{"time":0.5666,"angle":0}],"translate":[{"time":0,"x":0,"y":0,"curve":"stepped"},{"time":0.5666,"x":0,"y":0}]},"body":{"rotate":[{"time":0,"angle":0},{"time":0.1666,"angle":12.39},{"time":0.4,"angle":-32.87},{"time":0.5666,"angle":0}],"translate":[{"time":0,"x":0,"y":0},{"time":0.4,"x":7.01,"y":-6.61},{"time":0.5666,"x":0,"y":0}]},"arm_left_2":{"rotate":[{"time":0,"angle":14.56},{"time":0.0666,"angle":-184.31,"curve":[0.458,0.31,0.848,0.69]},{"time":0.1666,"angle":-153.46,"curve":[0.69,0,1,0.61]},{"time":0.2666,"angle":-184.31,"curve":[0.69,0,1,0.61]},{"time":0.4,"angle":-270.26,"curve":[0.322,0,1,0.68]},{"time":0.4666,"angle":-259.37},{"time":0.5666,"angle":14.56}],"translate":[{"time":0,"x":0,"y":0,"curve":"stepped"},{"time":0.5666,"x":0,"y":0}]},"arm_right_2":{"rotate":[{"time":0,"angle":0,"curve":[0.066,0.14,0,0.72]},{"time":0.0666,"angle":125.47,"curve":[0.69,0,1,0.61]},{"time":0.1666,"angle":181.42,"curve":[0.69,0,1,0.61]},{"time":0.2666,"angle":125.47,"curve":[0.69,0,1,0.61]},{"time":0.4,"angle":307.25},{"time":0.4666,"angle":325.95},{"time":0.5666,"angle":0}],"translate":[{"time":0,"x":0,"y":0,"curve":"stepped"},{"time":0.5666,"x":0,"y":0}]},"bone10":{"rotate":[{"time":0,"angle":0,"curve":"stepped"},{"time":0.5666,"angle":0}],"translate":[{"time":0,"x":0,"y":0,"curve":"stepped"},{"time":0.5666,"x":0,"y":0}]},"bone11":{"rotate":[{"time":0,"angle":0,"curve":"stepped"},{"time":0.5666,"angle":0}],"translate":[{"time":0,"x":0,"y":0,"curve":"stepped"},{"time":0.5666,"x":0,"y":0}]},"bone9":{"rotate":[{"time":0,"angle":0,"curve":"stepped"},{"time":0.5666,"angle":0}],"translate":[{"time":0,"x":0,"y":0,"curve":"stepped"},{"time":0.5666,"x":0,"y":0}]},"left":{"rotate":[{"time":0,"angle":0,"curve":"stepped"},{"time":0.5666,"angle":0}],"translate":[{"time":0,"x":0,"y":0,"curve":"stepped"},{"time":0.5666,"x":0,"y":0}]},"right":{"rotate":[{"time":0,"angle":0,"curve":"stepped"},{"time":0.5666,"angle":0}],"translate":[{"time":0,"x":0,"y":0,"curve":"stepped"},{"time":0.5666,"x":0,"y":0}]},"arm_left_1":{"rotate":[{"time":0,"angle":6.13},{"time":0.0666,"angle":-62.25,"curve":[0.458,0.31,0.848,0.69]},{"time":0.1666,"angle":0.5,"curve":[0.69,0,1,0.61]},{"time":0.2666,"angle":-62.25,"curve":[0.69,0,1,0.61]},{"time":0.4,"angle":-40.56,"curve":[0.322,0,1,0.68]},{"time":0.4666,"angle":-63},{"time":0.5666,"angle":6.13}],"translate":[{"time":0,"x":0,"y":0,"curve":"stepped"},{"time":0.5666,"x":0,"y":0}]},"arm_right_1":{"rotate":[{"time":0,"angle":0,"curve":[0.066,0.14,0,0.72]},{"time":0.0666,"angle":-100.48,"curve":[0.69,0,1,0.61]},{"time":0.1666,"angle":-102.47,"curve":[0.25,0,0.75,1]},{"time":0.2666,"angle":-100.48,"curve":[0.69,0,1,0.61]},{"time":0.4,"angle":-60.52},{"time":0.4666,"angle":-95.87},{"time":0.5666,"angle":0}],"translate":[{"time":0,"x":0,"y":0,"curve":"stepped"},{"time":0.5666,"x":0,"y":0}]},"bone":{"rotate":[{"time":0,"angle":0,"curve":"stepped"},{"time":0.5666,"angle":0}],"translate":[{"time":0,"x":0,"y":0,"curve":"stepped"},{"time":0.5666,"x":0,"y":0}]},"bone5":{"rotate":[{"time":0,"angle":0,"curve":"stepped"},{"time":0.5666,"angle":0}],"translate":[{"time":0,"x":0,"y":0,"curve":"stepped"},{"time":0.5666,"x":0,"y":0}]},"bone2":{"rotate":[{"time":0,"angle":0,"curve":"stepped"},{"time":0.5666,"angle":0}],"translate":[{"time":0,"x":0,"y":0,"curve":"stepped"},{"time":0.5666,"x":0,"y":0}]},"bone3":{"rotate":[{"time":0,"angle":0,"curve":"stepped"},{"time":0.5666,"angle":0}],"translate":[{"time":0,"x":0,"y":0,"curve":"stepped"},{"time":0.5666,"x":0,"y":0}]},"bone4":{"rotate":[{"time":0,"angle":0,"curve":"stepped"},{"time":0.5666,"angle":0}],"translate":[{"time":0,"x":0,"y":0,"curve":"stepped"},{"time":0.5666,"x":0,"y":0}]},"sword":{"rotate":[{"time":0,"angle":0},{"time":0.0333,"angle":-4.07},{"time":0.0666,"angle":-13.19},{"time":0.1666,"angle":-15.92},{"time":0.2666,"angle":-13.19},{"time":0.3666,"angle":-17.98},{"time":0.4,"angle":-31.15},{"time":0.4666,"angle":-25.99},{"time":0.5666,"angle":0}],"translate":[{"time":0,"x":0,"y":0,"curve":"stepped"},{"time":0.5666,"x":0,"y":0}]},"bone6":{"rotate":[{"time":0,"angle":0,"curve":"stepped"},{"time":0.5666,"angle":0}],"translate":[{"time":0,"x":0,"y":0,"curve":"stepped"},{"time":0.5666,"x":0,"y":0}]},"bone7":{"rotate":[{"time":0,"angle":0,"curve":"stepped"},{"time":0.4666,"angle":0}],"translate":[{"time":0,"x":0,"y":0,"curve":"stepped"},{"time":0.4666,"x":0,"y":0}]},"bone8":{"rotate":[{"time":0,"angle":0,"curve":"stepped"},{"time":0.5666,"angle":0}],"translate":[{"time":0,"x":0,"y":0,"curve":"stepped"},{"time":0.5666,"x":0,"y":0}]},"leg_left_2":{"rotate":[{"time":0,"angle":-0.38},{"time":0.1666,"angle":18.77},{"time":0.4,"angle":-4.8}]},"leg_left_1":{"rotate":[{"time":0,"angle":-2.92},{"time":0.1666,"angle":-32.19},{"time":0.4,"angle":-7.5}]},"leg_right_1":{"rotate":[{"time":0.1666,"angle":-3.74}]},"leg_right_2":{"rotate":[{"time":0.1666,"angle":4.26}]},"hip":{"translate":[{"time":0.0333,"x":1.51,"y":-2.01}]}},"events":[{"time":0.4666,"name":"onAtk"},{"time":0.5666,"name":"onEnd"}]},"atk02":{"bones":{"root":{"rotate":[{"time":0,"angle":0,"curve":"stepped"},{"time":0.6666,"angle":0}],"translate":[{"time":0,"x":0,"y":0,"curve":"stepped"},{"time":0.6666,"x":0,"y":0}]},"body":{"rotate":[{"time":0,"angle":0},{"time":0.3333,"angle":16.61},{"time":0.4333,"angle":-24.22},{"time":0.6666,"angle":0}],"translate":[{"time":0,"x":0,"y":0,"curve":"stepped"},{"time":0.6666,"x":0,"y":0}]},"arm_left_2":{"rotate":[{"time":0,"angle":14.56},{"time":0.1333,"angle":-251.15},{"time":0.2333,"angle":42.79},{"time":0.3333,"angle":19.71},{"time":0.4333,"angle":-209.15},{"time":0.6666,"angle":14.56}],"translate":[{"time":0,"x":0,"y":0},{"time":0.4333,"x":-8.86,"y":-13.75},{"time":0.6666,"x":0,"y":0}]},"arm_right_2":{"rotate":[{"time":0,"angle":0,"curve":[0.066,0.14,0,0.72]},{"time":0.1,"angle":302.91},{"time":0.2333,"angle":280.63},{"time":0.3333,"angle":284.77},{"time":0.4333,"angle":37.17},{"time":0.6666,"angle":0}],"translate":[{"time":0,"x":0,"y":0,"curve":[0.066,0.14,0,0.72]},{"time":0.2333,"x":0.41,"y":-10.52},{"time":0.6666,"x":0,"y":0}]},"bone10":{"rotate":[{"time":0,"angle":0,"curve":"stepped"},{"time":0.6666,"angle":0}],"translate":[{"time":0,"x":0,"y":0,"curve":"stepped"},{"time":0.6666,"x":0,"y":0}]},"bone11":{"rotate":[{"time":0,"angle":0,"curve":"stepped"},{"time":0.6666,"angle":0}],"translate":[{"time":0,"x":0,"y":0,"curve":"stepped"},{"time":0.6666,"x":0,"y":0}]},"bone9":{"rotate":[{"time":0,"angle":0,"curve":"stepped"},{"time":0.6666,"angle":0}],"translate":[{"time":0,"x":0,"y":0,"curve":"stepped"},{"time":0.6666,"x":0,"y":0}]},"left":{"rotate":[{"time":0,"angle":0,"curve":"stepped"},{"time":0.6666,"angle":0}],"translate":[{"time":0,"x":0,"y":0},{"time":0.4333,"x":-8.86,"y":-13.75},{"time":0.6666,"x":0,"y":0}]},"right":{"rotate":[{"time":0,"angle":0,"curve":"stepped"},{"time":0.6666,"angle":0}],"translate":[{"time":0,"x":0,"y":0,"curve":"stepped"},{"time":0.6666,"x":0,"y":0}]},"arm_left_1":{"rotate":[{"time":0,"angle":6.13},{"time":0.1333,"angle":-75.55},{"time":0.2333,"angle":5.34},{"time":0.3333,"angle":30.57},{"time":0.4333,"angle":-77.44},{"time":0.6666,"angle":6.13}],"translate":[{"time":0,"x":0,"y":0,"curve":"stepped"},{"time":0.6666,"x":0,"y":0}]},"arm_right_1":{"rotate":[{"time":0,"angle":0,"curve":[0.066,0.14,0,0.72]},{"time":0.1,"angle":-57.33},{"time":0.2333,"angle":-80.66},{"time":0.3333,"angle":-105.12},{"time":0.4333,"angle":-82.3},{"time":0.6666,"angle":0}],"translate":[{"time":0,"x":0,"y":0,"curve":"stepped"},{"time":0.6666,"x":0,"y":0}]},"bone":{"rotate":[{"time":0,"angle":0,"curve":"stepped"},{"time":0.6666,"angle":0}],"translate":[{"time":0,"x":0,"y":0,"curve":"stepped"},{"time":0.6666,"x":0,"y":0}]},"bone5":{"rotate":[{"time":0,"angle":0,"curve":"stepped"},{"time":0.6666,"angle":0}],"translate":[{"time":0,"x":0,"y":0,"curve":"stepped"},{"time":0.6666,"x":0,"y":0}]},"bone2":{"rotate":[{"time":0,"angle":0,"curve":"stepped"},{"time":0.6666,"angle":0}],"translate":[{"time":0,"x":0,"y":0,"curve":"stepped"},{"time":0.6666,"x":0,"y":0}]},"bone3":{"rotate":[{"time":0,"angle":0,"curve":"stepped"},{"time":0.6666,"angle":0}],"translate":[{"time":0,"x":0,"y":0,"curve":"stepped"},{"time":0.6666,"x":0,"y":0}]},"bone4":{"rotate":[{"time":0,"angle":0,"curve":"stepped"},{"time":0.6666,"angle":0}],"translate":[{"time":0,"x":0,"y":0,"curve":"stepped"},{"time":0.6666,"x":0,"y":0}]},"sword":{"rotate":[{"time":0,"angle":0},{"time":0.1,"angle":-25.73},{"time":0.2333,"angle":23.15},{"time":0.3333,"angle":23.21},{"time":0.4333,"angle":-66.33},{"time":0.6666,"angle":0}],"translate":[{"time":0,"x":0,"y":0,"curve":"stepped"},{"time":0.6666,"x":0,"y":0}]},"bone6":{"rotate":[{"time":0,"angle":0,"curve":"stepped"},{"time":0.6666,"angle":0}],"translate":[{"time":0,"x":0,"y":0,"curve":"stepped"},{"time":0.6666,"x":0,"y":0}]},"bone7":{"rotate":[{"time":0,"angle":0,"curve":"stepped"},{"time":0.4666,"angle":0}],"translate":[{"time":0,"x":0,"y":0,"curve":"stepped"},{"time":0.4666,"x":0,"y":0}]},"bone8":{"rotate":[{"time":0,"angle":0,"curve":"stepped"},{"time":0.6666,"angle":0}],"translate":[{"time":0,"x":0,"y":0,"curve":"stepped"},{"time":0.6666,"x":0,"y":0}]},"leg_left_2":{"rotate":[{"time":0,"angle":-0.38},{"time":0.1,"angle":1.65},{"time":0.4333,"angle":-56.13},{"time":0.6666,"angle":-0.38}]},"leg_left_1":{"rotate":[{"time":0,"angle":-2.92},{"time":0.1,"angle":-9.04},{"time":0.4333,"angle":66.62},{"time":0.6666,"angle":-2.92}]},"leg_right_2":{"rotate":[{"time":0,"angle":0},{"time":0.1,"angle":25.64},{"time":0.2333,"angle":-0.41},{"time":0.3333,"angle":39.94},{"time":0.4333,"angle":-0.99}],"translate":[{"time":0,"x":0,"y":0}]},"leg_right_1":{"rotate":[{"time":0,"angle":0},{"time":0.1,"angle":-4.09},{"time":0.2333,"angle":-0.41},{"time":0.3333,"angle":-51.42},{"time":0.4333,"angle":-3.29}],"translate":[{"time":0,"x":0,"y":0}]},"face":{"rotate":[{"time":0.4333,"angle":23.93}]}},"drawOrder":[{"time":0.1,"offsets":[{"slot":"body","offset":-2}]}]},"die":{"bones":{"root":{"rotate":[{"time":0,"angle":0}],"translate":[{"time":0,"x":0,"y":0}]},"effect":{"rotate":[{"time":0,"angle":0}],"translate":[{"time":0,"x":0,"y":0}]},"hip":{"rotate":[{"time":0,"angle":0},{"time":0.5,"angle":-93.45}],"translate":[{"time":0,"x":0,"y":0},{"time":0.1,"x":14.62,"y":-7.12},{"time":0.5,"x":21.75,"y":-16.12}]},"body":{"rotate":[{"time":0,"angle":0},{"time":0.5,"angle":8.89}],"translate":[{"time":0,"x":0,"y":0}]},"leg_left_2":{"rotate":[{"time":0,"angle":0},{"time":0.1,"angle":9.73},{"time":0.5,"angle":67.3}],"translate":[{"time":0,"x":0,"y":0}]},"leg_right_2":{"rotate":[{"time":0,"angle":0},{"time":0.1,"angle":-21.6}],"translate":[{"time":0,"x":0,"y":0}]},"arm_left_2":{"rotate":[{"time":0,"angle":0},{"time":0.1,"angle":-234.68},{"time":0.2,"angle":-240.8},{"time":0.5,"angle":-222.24},{"time":0.6666,"angle":-203.54}],"translate":[{"time":0,"x":0,"y":0}]},"arm_right_2":{"rotate":[{"time":0,"angle":0},{"time":0.1,"angle":325.87},{"time":0.5,"angle":137.89}],"translate":[{"time":0,"x":0,"y":0}]},"bone10":{"rotate":[{"time":0,"angle":0}],"translate":[{"time":0,"x":0,"y":0}]},"bone11":{"rotate":[{"time":0,"angle":0}],"translate":[{"time":0,"x":0,"y":0}]},"bone9":{"rotate":[{"time":0,"angle":0}],"translate":[{"time":0,"x":0,"y":0}]},"face":{"rotate":[{"time":0,"angle":0}],"translate":[{"time":0,"x":0,"y":0}]},"left":{"rotate":[{"time":0,"angle":0}],"translate":[{"time":0,"x":0,"y":0}]},"leg_left_1":{"rotate":[{"time":0,"angle":0},{"time":0.1,"angle":-73.81},{"time":0.5,"angle":-8.71}],"translate":[{"time":0,"x":0,"y":0}]},"leg_right_1":{"rotate":[{"time":0,"angle":0},{"time":0.1,"angle":-103.21}],"translate":[{"time":0,"x":0,"y":0}]},"right":{"rotate":[{"time":0,"angle":0}],"translate":[{"time":0,"x":0,"y":0}]},"arm_left_1":{"rotate":[{"time":0,"angle":0},{"time":0.1,"angle":-19.13},{"time":0.2,"angle":-21.8},{"time":0.5,"angle":-22.05},{"time":0.6666,"angle":-21.6}],"translate":[{"time":0,"x":0,"y":0}]},"arm_right_1":{"rotate":[{"time":0,"angle":0},{"time":0.1,"angle":-104.52},{"time":0.5,"angle":-104.5}],"translate":[{"time":0,"x":0,"y":0}]},"bone":{"rotate":[{"time":0,"angle":0}],"translate":[{"time":0,"x":0,"y":0}]},"bone5":{"rotate":[{"time":0,"angle":0},{"time":0.1,"angle":-13.5}],"translate":[{"time":0,"x":0,"y":0}]},"bone2":{"rotate":[{"time":0,"angle":0}],"translate":[{"time":0,"x":0,"y":0}]},"bone3":{"rotate":[{"time":0,"angle":0},{"time":0.6666,"angle":-25.42}],"translate":[{"time":0,"x":0,"y":0}]},"bone4":{"rotate":[{"time":0,"angle":0},{"time":0.6666,"angle":-27.23}],"translate":[{"time":0,"x":0,"y":0}]},"sword":{"rotate":[{"time":0,"angle":0},{"time":0.5,"angle":-86.63}],"translate":[{"time":0,"x":0,"y":0}]},"bone6":{"rotate":[{"time":0,"angle":0},{"time":0.6666,"angle":-3.41}],"translate":[{"time":0,"x":0,"y":0}]},"bone8":{"rotate":[{"time":0,"angle":0},{"time":0.6666,"angle":1.83}],"translate":[{"time":0,"x":0,"y":0}]}},"events":[{"time":1,"name":"onEnd"}]},"mov":{"bones":{"leg_left_2":{"rotate":[{"time":0,"angle":80.64},{"time":0.1666,"angle":53.9},{"time":0.2333,"angle":20.73},{"time":0.4333,"angle":-2.37},{"time":0.5,"angle":-18.71},{"time":0.6333,"angle":-5.91},{"time":0.7333,"angle":22.22},{"time":0.9,"angle":80.85},{"time":1.0666,"angle":83.47},{"time":1.2333,"angle":84.86},{"time":1.5,"angle":80.64}],"translate":[{"time":0,"x":0,"y":0},{"time":0.9,"x":7.27,"y":-2.87},{"time":1.0666,"x":12.55,"y":-2.32},{"time":1.2333,"x":8.67,"y":-4.94},{"time":1.5,"x":0,"y":0}]},"leg_right_2":{"rotate":[{"time":0,"angle":-78.16},{"time":0.1666,"angle":-59.81},{"time":0.2333,"angle":-30.5},{"time":0.4333,"angle":-17.57},{"time":0.5,"angle":-2.22},{"time":0.7333,"angle":-40.28},{"time":0.9,"angle":-68.03},{"time":1.0666,"angle":-74.85},{"time":1.2333,"angle":-82.61},{"time":1.5,"angle":-78.16}],"translate":[{"time":0,"x":0,"y":0},{"time":0.9,"x":-0.28,"y":-3.29},{"time":1.0666,"x":-2.26,"y":-3.25},{"time":1.2333,"x":-7.17,"y":-2.79},{"time":1.5,"x":0,"y":0}]},"arm_right_2":{"rotate":[{"time":0,"angle":21.46,"curve":[0.25,0,1,0.81]},{"time":0.8333,"angle":9.98,"curve":[0.069,0.16,0.641,1]},{"time":1.5,"angle":21.46}],"translate":[{"time":0,"x":0,"y":0,"curve":"stepped"},{"time":1.5,"x":0,"y":0}]},"hip":{"rotate":[{"time":0,"angle":0},{"time":0.2333,"angle":2.63},{"time":0.5,"angle":6.63},{"time":0.7333,"angle":-5.19},{"time":0.9,"angle":-1.19},{"time":1.0666,"angle":0.8},{"time":1.2333,"angle":4.8},{"time":1.5,"angle":0}],"translate":[{"time":0,"x":0,"y":-3},{"time":0.2333,"x":-0.19,"y":-1.84},{"time":0.4333,"x":-0.32,"y":2.26},{"time":0.5,"x":-0.32,"y":5.26},{"time":0.6333,"x":-0.32,"y":3.26},{"time":0.7333,"x":-0.32,"y":-0.73},{"time":1.0666,"x":-0.32,"y":0.26},{"time":1.2333,"x":-0.32,"y":3.26},{"time":1.5333,"x":0,"y":-4}]},"arm_left_1":{"rotate":[{"time":0,"angle":-20.74,"curve":[0.095,0.43,0.301,0.85]},{"time":0.7333,"angle":33.7,"curve":[0.087,0.59,0.425,0.97]},{"time":1.5,"angle":-20.74}],"translate":[{"time":0,"x":0,"y":0,"curve":"stepped"},{"time":1.5,"x":0,"y":0}]},"root":{"rotate":[{"time":0,"angle":0,"curve":"stepped"},{"time":1.5,"angle":0}],"translate":[{"time":0,"x":0,"y":0,"curve":"stepped"},{"time":1.5,"x":0,"y":0}]},"arm_left_2":{"rotate":[{"time":0,"angle":-25.03,"curve":[0.095,0.43,0.301,0.85]},{"time":0.7333,"angle":-285.99,"curve":[0.087,0.59,0.425,0.97]},{"time":1.5,"angle":-25.03}],"translate":[{"time":0,"x":0,"y":0,"curve":"stepped"},{"time":1.5,"x":0,"y":0}]},"sword":{"rotate":[{"time":0,"angle":0,"curve":"stepped"},{"time":1.5,"angle":0}],"translate":[{"time":0,"x":0,"y":0,"curve":"stepped"},{"time":1.5,"x":0,"y":0}]},"bone":{"rotate":[{"time":0,"angle":0,"curve":"stepped"},{"time":1.5,"angle":0}],"translate":[{"time":0,"x":0,"y":0,"curve":"stepped"},{"time":1.5,"x":0,"y":0}]},"left":{"rotate":[{"time":0,"angle":-14.88,"curve":[0.115,0.51,0.75,1]},{"time":0.7333,"angle":23.25,"curve":[0.033,0.43,0.75,1]},{"time":1.5,"angle":-14.88}],"translate":[{"time":0,"x":5.69,"y":-1.71,"curve":[0.115,0.51,0.75,1]},{"time":0.7333,"x":1.05,"y":-5.11,"curve":[0.033,0.43,0.75,1]},{"time":1.5,"x":5.69,"y":-1.71}]},"right":{"rotate":[{"time":0,"angle":0,"curve":"stepped"},{"time":1.5,"angle":0}],"translate":[{"time":0,"x":0,"y":0,"curve":"stepped"},{"time":1.5,"x":0,"y":0}]},"leg_right_1":{"rotate":[{"time":0,"angle":0,"curve":"stepped"},{"time":1.5,"angle":0}],"translate":[{"time":0,"x":0,"y":0,"curve":"stepped"},{"time":1.5,"x":0,"y":0}]},"arm_right_1":{"rotate":[{"time":0,"angle":6.51,"curve":[0.25,0,1,0.81]},{"time":0.8333,"angle":8.36},{"time":1.5,"angle":6.51}],"translate":[{"time":0,"x":0,"y":0,"curve":"stepped"},{"time":1.5,"x":0,"y":0}]},"body":{"rotate":[{"time":0,"angle":-6.37},{"time":0.1666,"angle":-17.78},{"time":1.5,"angle":-6.37}],"translate":[{"time":0,"x":0,"y":0,"curve":"stepped"},{"time":1.5,"x":0,"y":0}]},"face":{"rotate":[{"time":0,"angle":0},{"time":0.5333,"angle":8.36},{"time":1.0333,"angle":0},{"time":1.5,"angle":2.65}],"translate":[{"time":0,"x":0,"y":0},{"time":0.5333,"x":-1.01,"y":-5.59},{"time":1.0333,"x":0,"y":0},{"time":1.5,"x":-0.59,"y":0.6}]},"leg_left_1":{"rotate":[{"time":0,"angle":0,"curve":"stepped"},{"time":1.5,"angle":0}],"translate":[{"time":0,"x":0,"y":0,"curve":"stepped"},{"time":1.5,"x":0,"y":0}]},"bone2":{"rotate":[{"time":0,"angle":7.62,"curve":"stepped"},{"time":1.5,"angle":7.62}]},"bone3":{"rotate":[{"time":0,"angle":-10.11,"curve":"stepped"},{"time":1.5,"angle":-10.11}]},"bone4":{"rotate":[{"time":0,"angle":-3.04,"curve":"stepped"},{"time":1.5,"angle":-3.04}]},"bone6":{"rotate":[{"time":0,"angle":27.12},{"time":0.5,"angle":-5.49},{"time":1.5,"angle":27.12}]},"bone8":{"rotate":[{"time":0,"angle":21.35},{"time":0.5,"angle":-10.37},{"time":1.5,"angle":21.35}]},"bone7":{"rotate":[{"time":0,"angle":11.09},{"time":0.2,"angle":-24.15},{"time":0.6,"angle":11.09}]},"bone9":{"rotate":[{"time":0,"angle":18.1},{"time":0.7333,"angle":-2.74},{"time":1.5,"angle":18.1}]},"bone11":{"rotate":[{"time":0,"angle":24.46},{"time":0.7333,"angle":-7.69},{"time":1.5,"angle":24.46}]},"bone10":{"rotate":[{"time":0,"angle":17.72},{"time":0.7333,"angle":343.05},{"time":1.5,"angle":17.72}]}}},"skill01":{"slots":{"effect":{"attachment":[{"time":0.1666,"name":"effect"},{"time":0.4333,"name":null},{"time":0.6,"name":"effect2"},{"time":0.7666,"name":null}],"color":[{"time":0.6,"color":"ffffff1a"},{"time":0.7,"color":"ffffffff"}]}},"bones":{"root":{"rotate":[{"time":0,"angle":0,"curve":"stepped"},{"time":0.1666,"angle":0,"curve":"stepped"},{"time":0.2333,"angle":0,"curve":"stepped"},{"time":0.3,"angle":0,"curve":"stepped"},{"time":0.3666,"angle":0,"curve":"stepped"},{"time":0.4333,"angle":0,"curve":"stepped"},{"time":1.2333,"angle":0}],"translate":[{"time":0,"x":0,"y":0,"curve":"stepped"},{"time":1.2333,"x":0,"y":0}]},"hip":{"rotate":[{"time":0,"angle":0,"curve":[0.25,0,0.951,0.57]},{"time":0.1,"angle":14.95,"curve":[0.25,0,0.75,1]},{"time":0.1666,"angle":70.44,"curve":[0.25,0,0.75,1]},{"time":0.2333,"angle":-78.32,"curve":[0.4,0.31,0.769,0.67]},{"time":0.3,"angle":158.29,"curve":[0.25,0,0.75,1]},{"time":0.3666,"angle":70.44,"curve":"stepped"},{"time":0.4333,"angle":70.44,"curve":[0.406,0.2,1,0.72]},{"time":0.6,"angle":-13.95,"curve":"stepped"},{"time":0.6333,"angle":-13.95,"curve":"stepped"},{"time":0.6666,"angle":-13.95,"curve":"stepped"},{"time":0.7333,"angle":-13.95},{"time":1.2333,"angle":0}],"translate":[{"time":0,"x":0,"y":0,"curve":[0.25,0,0.951,0.57]},{"time":0.1,"x":4,"y":-4,"curve":[0.25,0,0.75,1]},{"time":0.1666,"x":62.17,"y":115.64,"curve":"stepped"},{"time":0.2333,"x":62.17,"y":115.64,"curve":"stepped"},{"time":0.3,"x":62.17,"y":115.64,"curve":"stepped"},{"time":0.3666,"x":62.17,"y":115.64,"curve":"stepped"},{"time":0.4333,"x":62.17,"y":115.64,"curve":[0.25,0,0.75,1]},{"time":0.6,"x":113.89,"y":9.59,"curve":[0.25,0,0.75,1]},{"time":0.6333,"x":114.66,"y":4.23,"curve":[0.25,0,0.75,1]},{"time":0.6666,"x":113.89,"y":9.59,"curve":"stepped"},{"time":0.7333,"x":113.89,"y":9.59,"curve":[0.25,0,0.75,1]},{"time":0.9,"x":75.65,"y":46.14,"curve":[0.25,0,0.75,1]},{"time":0.9666,"x":12.4,"y":3.28,"curve":[0.25,0,0.75,1]},{"time":1.2333,"x":0,"y":0}]},"body":{"rotate":[{"time":0,"angle":0,"curve":"stepped"},{"time":0.1666,"angle":0,"curve":"stepped"},{"time":0.2333,"angle":0,"curve":"stepped"},{"time":0.3,"angle":0,"curve":"stepped"},{"time":0.3666,"angle":0,"curve":"stepped"},{"time":0.4333,"angle":0,"curve":"stepped"},{"time":1.2333,"angle":0}],"translate":[{"time":0,"x":0,"y":0},{"time":0.9,"x":0.68,"y":-0.99},{"time":1.2333,"x":0,"y":0}]},"leg_left_2":{"rotate":[{"time":0,"angle":0},{"time":0.1,"angle":9.79},{"time":0.1666,"angle":8.22,"curve":"stepped"},{"time":0.2333,"angle":8.22,"curve":"stepped"},{"time":0.3,"angle":8.22,"curve":"stepped"},{"time":0.3666,"angle":8.22,"curve":"stepped"},{"time":0.4333,"angle":8.22},{"time":0.5333,"angle":-39.99},{"time":0.6,"angle":116.06,"curve":"stepped"},{"time":0.6666,"angle":116.06,"curve":"stepped"},{"time":0.7333,"angle":116.06},{"time":0.9,"angle":31.88},{"time":1.2333,"angle":0}],"translate":[{"time":0,"x":0,"y":0,"curve":"stepped"},{"time":1.2333,"x":0,"y":0}]},"leg_right_2":{"rotate":[{"time":0,"angle":0,"curve":"stepped"},{"time":0.1666,"angle":0,"curve":"stepped"},{"time":0.2333,"angle":0,"curve":"stepped"},{"time":0.3,"angle":0,"curve":"stepped"},{"time":0.3666,"angle":0,"curve":"stepped"},{"time":0.4333,"angle":0},{"time":0.5333,"angle":-80.55},{"time":0.6,"angle":-7.91,"curve":"stepped"},{"time":0.6666,"angle":-7.91,"curve":"stepped"},{"time":0.7333,"angle":-7.91},{"time":1.2333,"angle":0}],"translate":[{"time":0,"x":0,"y":0,"curve":"stepped"},{"time":1.2333,"x":0,"y":0}]},"arm_left_2":{"rotate":[{"time":0,"angle":14.56,"curve":[0.066,0.14,0,0.72]},{"time":0.1,"angle":-187.52,"curve":[0.25,0,0.75,1]},{"time":0.1666,"angle":170.2,"curve":"stepped"},{"time":0.2333,"angle":170.2,"curve":"stepped"},{"time":0.3,"angle":170.2,"curve":"stepped"},{"time":0.3666,"angle":170.2,"curve":"stepped"},{"time":0.4333,"angle":170.2,"curve":[0.25,0,0.75,1]},{"time":0.6,"angle":-259.59,"curve":"stepped"},{"time":0.6666,"angle":-259.59,"curve":"stepped"},{"time":0.7333,"angle":-259.59},{"time":0.8333,"angle":68.09},{"time":0.9,"angle":35.77},{"time":1.2333,"angle":14.56}],"translate":[{"time":0,"x":0,"y":0,"curve":"stepped"},{"time":1.2333,"x":0,"y":0}],"scale":[{"time":0.4333,"x":0.993,"y":0.993}]},"arm_right_2":{"rotate":[{"time":0,"angle":0,"curve":[0.066,0.14,0,0.72]},{"time":0.1,"angle":109.53,"curve":[0.25,0,0.75,1]},{"time":0.1666,"angle":104.23,"curve":"stepped"},{"time":0.2333,"angle":104.23,"curve":"stepped"},{"time":0.3,"angle":104.23,"curve":"stepped"},{"time":0.3666,"angle":104.23,"curve":"stepped"},{"time":0.4333,"angle":104.23,"curve":[0.25,0,0.75,1]},{"time":0.6,"angle":325.95,"curve":"stepped"},{"time":0.6666,"angle":325.95,"curve":"stepped"},{"time":0.7333,"angle":325.95},{"time":0.9,"angle":21.7},{"time":1.2333,"angle":0}],"translate":[{"time":0,"x":0,"y":0,"curve":"stepped"},{"time":1.2333,"x":0,"y":0}]},"bone10":{"rotate":[{"time":0,"angle":0,"curve":"stepped"},{"time":0.1666,"angle":0,"curve":"stepped"},{"time":0.2333,"angle":0,"curve":"stepped"},{"time":0.3,"angle":0,"curve":"stepped"},{"time":0.3666,"angle":0,"curve":"stepped"},{"time":0.4333,"angle":0,"curve":"stepped"},{"time":1.2333,"angle":0}],"translate":[{"time":0,"x":0,"y":0,"curve":"stepped"},{"time":1.2333,"x":0,"y":0}]},"bone11":{"rotate":[{"time":0,"angle":0,"curve":"stepped"},{"time":0.1666,"angle":0,"curve":"stepped"},{"time":0.2333,"angle":0,"curve":"stepped"},{"time":0.3,"angle":0,"curve":"stepped"},{"time":0.3666,"angle":0,"curve":"stepped"},{"time":0.4333,"angle":0},{"time":0.5333,"angle":0.07},{"time":1.2333,"angle":0}],"translate":[{"time":0,"x":0,"y":0,"curve":"stepped"},{"time":1.2333,"x":0,"y":0}]},"bone9":{"rotate":[{"time":0,"angle":0,"curve":"stepped"},{"time":0.1666,"angle":0,"curve":"stepped"},{"time":0.2333,"angle":0,"curve":"stepped"},{"time":0.3,"angle":0,"curve":"stepped"},{"time":0.3666,"angle":0,"curve":"stepped"},{"time":0.4333,"angle":0,"curve":"stepped"},{"time":1.2333,"angle":0}],"translate":[{"time":0,"x":0,"y":0,"curve":"stepped"},{"time":1.2333,"x":0,"y":0}]},"face":{"rotate":[{"time":0,"angle":0,"curve":"stepped"},{"time":0.1666,"angle":0,"curve":"stepped"},{"time":0.2333,"angle":0,"curve":"stepped"},{"time":0.3,"angle":0,"curve":"stepped"},{"time":0.3666,"angle":0,"curve":"stepped"},{"time":0.4333,"angle":0,"curve":"stepped"},{"time":1.2333,"angle":0}],"translate":[{"time":0,"x":0,"y":0,"curve":"stepped"},{"time":1.2333,"x":0,"y":0}]},"left":{"rotate":[{"time":0,"angle":0,"curve":"stepped"},{"time":0.1666,"angle":0,"curve":"stepped"},{"time":0.2333,"angle":0,"curve":"stepped"},{"time":0.3,"angle":0,"curve":"stepped"},{"time":0.3666,"angle":0,"curve":"stepped"},{"time":0.4333,"angle":0,"curve":"stepped"},{"time":1.2333,"angle":0}],"translate":[{"time":0,"x":0,"y":0,"curve":"stepped"},{"time":1.2333,"x":0,"y":0}]},"leg_left_1":{"rotate":[{"time":0,"angle":0,"curve":"stepped"},{"time":0.1666,"angle":0,"curve":"stepped"},{"time":0.2333,"angle":0,"curve":"stepped"},{"time":0.3,"angle":0,"curve":"stepped"},{"time":0.3666,"angle":0,"curve":"stepped"},{"time":0.4333,"angle":0,"curve":"stepped"},{"time":1.2333,"angle":0}],"translate":[{"time":0,"x":0,"y":0,"curve":"stepped"},{"time":1.2333,"x":0,"y":0}]},"leg_right_1":{"rotate":[{"time":0,"angle":0,"curve":"stepped"},{"time":0.1666,"angle":0,"curve":"stepped"},{"time":0.2333,"angle":0,"curve":"stepped"},{"time":0.3,"angle":0,"curve":"stepped"},{"time":0.3666,"angle":0,"curve":"stepped"},{"time":0.4333,"angle":0,"curve":"stepped"},{"time":1.2333,"angle":0}],"translate":[{"time":0,"x":0,"y":0,"curve":"stepped"},{"time":1.2333,"x":0,"y":0}]},"right":{"rotate":[{"time":0,"angle":0,"curve":"stepped"},{"time":0.1666,"angle":0,"curve":"stepped"},{"time":0.2333,"angle":0,"curve":"stepped"},{"time":0.3,"angle":0,"curve":"stepped"},{"time":0.3666,"angle":0,"curve":"stepped"},{"time":0.4333,"angle":0,"curve":"stepped"},{"time":1.2333,"angle":0}],"translate":[{"time":0,"x":0,"y":0,"curve":"stepped"},{"time":1.2333,"x":0,"y":0}]},"arm_left_1":{"rotate":[{"time":0,"angle":6.13,"curve":[0.066,0.14,0,0.72]},{"time":0.1,"angle":-20.95,"curve":[0.25,0,0.75,1]},{"time":0.1666,"angle":-21.49,"curve":"stepped"},{"time":0.2333,"angle":-21.49,"curve":"stepped"},{"time":0.3,"angle":-21.49,"curve":"stepped"},{"time":0.3666,"angle":-21.49,"curve":"stepped"},{"time":0.4333,"angle":-21.49,"curve":[0.25,0,0.75,1]},{"time":0.6,"angle":-63.21,"curve":"stepped"},{"time":0.6666,"angle":-63.21,"curve":"stepped"},{"time":0.7333,"angle":-63.21},{"time":0.8333,"angle":-13.29},{"time":0.9,"angle":36.63},{"time":1.2333,"angle":6.13}],"translate":[{"time":0,"x":0,"y":0,"curve":"stepped"},{"time":1.2333,"x":0,"y":0}],"scale":[{"time":0.4333,"x":0.993,"y":0.993}]},"arm_right_1":{"rotate":[{"time":0,"angle":0,"curve":[0.066,0.14,0,0.72]},{"time":0.1,"angle":-41.52,"curve":[0.25,0,0.75,1]},{"time":0.1666,"angle":-42.14,"curve":"stepped"},{"time":0.2333,"angle":-42.14,"curve":"stepped"},{"time":0.3,"angle":-42.14,"curve":"stepped"},{"time":0.3666,"angle":-42.14,"curve":"stepped"},{"time":0.4333,"angle":-42.14,"curve":[0.25,0,0.75,1]},{"time":0.6,"angle":-95.87,"curve":"stepped"},{"time":0.6666,"angle":-95.87,"curve":"stepped"},{"time":0.7333,"angle":-95.87},{"time":0.9,"angle":-48.23},{"time":1.2333,"angle":0}],"translate":[{"time":0,"x":0,"y":0,"curve":"stepped"},{"time":1.2333,"x":0,"y":0}]},"bone":{"rotate":[{"time":0,"angle":0,"curve":"stepped"},{"time":0.1666,"angle":0,"curve":"stepped"},{"time":0.2333,"angle":0,"curve":"stepped"},{"time":0.3,"angle":0,"curve":"stepped"},{"time":0.3666,"angle":0,"curve":"stepped"},{"time":0.4333,"angle":0,"curve":"stepped"},{"time":1.2333,"angle":0}],"translate":[{"time":0,"x":0,"y":0,"curve":"stepped"},{"time":1.2333,"x":0,"y":0}]},"bone5":{"rotate":[{"time":0,"angle":0,"curve":"stepped"},{"time":0.1666,"angle":0,"curve":"stepped"},{"time":0.2333,"angle":0,"curve":"stepped"},{"time":0.3,"angle":0,"curve":"stepped"},{"time":0.3666,"angle":0,"curve":"stepped"},{"time":0.4333,"angle":0,"curve":"stepped"},{"time":1.2333,"angle":0}],"translate":[{"time":0,"x":0,"y":0,"curve":"stepped"},{"time":1.2333,"x":0,"y":0}]},"bone2":{"rotate":[{"time":0,"angle":0,"curve":"stepped"},{"time":0.1666,"angle":0,"curve":"stepped"},{"time":0.2333,"angle":0,"curve":"stepped"},{"time":0.3,"angle":0,"curve":"stepped"},{"time":0.3666,"angle":0,"curve":"stepped"},{"time":0.4333,"angle":0,"curve":"stepped"},{"time":1.2333,"angle":0}],"translate":[{"time":0,"x":0,"y":0,"curve":"stepped"},{"time":1.2333,"x":0,"y":0}]},"bone3":{"rotate":[{"time":0,"angle":0,"curve":"stepped"},{"time":0.1666,"angle":0,"curve":"stepped"},{"time":0.2333,"angle":0,"curve":"stepped"},{"time":0.3,"angle":0,"curve":"stepped"},{"time":0.3666,"angle":0,"curve":"stepped"},{"time":0.4333,"angle":0,"curve":"stepped"},{"time":1.2333,"angle":0}],"translate":[{"time":0,"x":0,"y":0,"curve":"stepped"},{"time":1.2333,"x":0,"y":0}]},"bone4":{"rotate":[{"time":0,"angle":0,"curve":"stepped"},{"time":0.1666,"angle":0,"curve":"stepped"},{"time":0.2333,"angle":0,"curve":"stepped"},{"time":0.3,"angle":0,"curve":"stepped"},{"time":0.3666,"angle":0,"curve":"stepped"},{"time":0.4333,"angle":0,"curve":"stepped"},{"time":1.2333,"angle":0}],"translate":[{"time":0,"x":0,"y":0,"curve":"stepped"},{"time":1.2333,"x":0,"y":0}]},"sword":{"rotate":[{"time":0,"angle":0},{"time":0.1,"angle":-43.93},{"time":0.1666,"angle":-23.66,"curve":"stepped"},{"time":0.2333,"angle":-23.66,"curve":"stepped"},{"time":0.3,"angle":-23.66,"curve":"stepped"},{"time":0.3666,"angle":-23.66,"curve":"stepped"},{"time":0.4333,"angle":-23.66},{"time":0.5333,"angle":8.78},{"time":0.6,"angle":-24.38,"curve":"stepped"},{"time":0.6666,"angle":-24.38,"curve":"stepped"},{"time":0.7333,"angle":-24.38},{"time":0.9,"angle":28.96},{"time":1.2333,"angle":0}],"translate":[{"time":0,"x":0,"y":0,"curve":"stepped"},{"time":1.2333,"x":0,"y":0}],"scale":[{"time":0,"x":1,"y":1,"curve":"stepped"},{"time":0.4666,"x":1,"y":1},{"time":0.6,"x":1.218,"y":1.218,"curve":"stepped"},{"time":0.6666,"x":1.218,"y":1.218,"curve":"stepped"},{"time":0.7333,"x":1.218,"y":1.218},{"time":1.2333,"x":1,"y":1}]},"bone6":{"rotate":[{"time":0,"angle":0,"curve":"stepped"},{"time":0.1666,"angle":0,"curve":"stepped"},{"time":0.2333,"angle":0,"curve":"stepped"},{"time":0.3,"angle":0,"curve":"stepped"},{"time":0.3666,"angle":0,"curve":"stepped"},{"time":0.4333,"angle":0,"curve":"stepped"},{"time":1.2333,"angle":0}],"translate":[{"time":0,"x":0,"y":0,"curve":"stepped"},{"time":1.2333,"x":0,"y":0}]},"bone7":{"rotate":[{"time":0,"angle":0,"curve":"stepped"},{"time":0.1666,"angle":0,"curve":"stepped"},{"time":0.2333,"angle":0,"curve":"stepped"},{"time":0.3,"angle":0,"curve":"stepped"},{"time":0.3666,"angle":0,"curve":"stepped"},{"time":0.4333,"angle":0,"curve":"stepped"},{"time":1.2333,"angle":0}],"translate":[{"time":0,"x":0,"y":0,"curve":"stepped"},{"time":1.2333,"x":0,"y":0}]},"bone8":{"rotate":[{"time":0,"angle":0,"curve":"stepped"},{"time":0.1666,"angle":0,"curve":"stepped"},{"time":0.2333,"angle":0,"curve":"stepped"},{"time":0.3,"angle":0,"curve":"stepped"},{"time":0.3666,"angle":0,"curve":"stepped"},{"time":0.4333,"angle":0,"curve":"stepped"},{"time":1.2333,"angle":0}],"translate":[{"time":0,"x":0,"y":0,"curve":"stepped"},{"time":1.2333,"x":0,"y":0}]},"effect":{"rotate":[{"time":0.1666,"angle":0},{"time":0.3,"angle":-180},{"time":0.4,"angle":-359},{"time":0.4333,"angle":1000,"curve":"stepped"},{"time":0.6,"angle":0}],"translate":[{"time":0.1666,"x":62.37,"y":158.26,"curve":"stepped"},{"time":0.6,"x":61.44,"y":33.51}],"scale":[{"time":0.6,"x":1.033,"y":0.417,"curve":[0.193,0.71,0.404,0.86]},{"time":0.7,"x":1.033,"y":0.946}]}},"events":[{"time":0.6666,"name":"onAtk"},{"time":1.2333,"name":"onEnd"}]},"spSkill01":{"bones":{"root":{"rotate":[{"time":0,"angle":0,"curve":"stepped"},{"time":0.1666,"angle":0,"curve":"stepped"},{"time":0.2333,"angle":0,"curve":"stepped"},{"time":0.3,"angle":0,"curve":"stepped"},{"time":0.3666,"angle":0,"curve":"stepped"},{"time":0.4333,"angle":0,"curve":"stepped"},{"time":1.2333,"angle":0}],"translate":[{"time":0,"x":0,"y":0,"curve":"stepped"},{"time":1.2333,"x":0,"y":0}]},"hip":{"rotate":[{"time":0,"angle":0,"curve":[0.25,0,0.951,0.57]},{"time":0.1,"angle":14.95,"curve":[0.25,0,0.75,1]},{"time":0.1666,"angle":70.44,"curve":[0.25,0,0.75,1]},{"time":0.2333,"angle":-78.32,"curve":[0.4,0.31,0.769,0.67]},{"time":0.3,"angle":158.29,"curve":[0.25,0,0.75,1]},{"time":0.3666,"angle":70.44,"curve":"stepped"},{"time":0.4333,"angle":70.44,"curve":[0.406,0.2,1,0.72]},{"time":0.6,"angle":-13.95,"curve":"stepped"},{"time":0.6333,"angle":-13.95,"curve":"stepped"},{"time":0.6666,"angle":-13.95,"curve":"stepped"},{"time":0.7333,"angle":-13.95},{"time":1.2333,"angle":0}],"translate":[{"time":0,"x":0,"y":0,"curve":[0.25,0,0.951,0.57]},{"time":0.1,"x":4,"y":-4,"curve":[0.25,0,0.75,1]},{"time":0.1666,"x":62.17,"y":115.64,"curve":"stepped"},{"time":0.2333,"x":62.17,"y":115.64,"curve":"stepped"},{"time":0.3,"x":62.17,"y":115.64,"curve":"stepped"},{"time":0.3666,"x":62.17,"y":115.64,"curve":"stepped"},{"time":0.4333,"x":62.17,"y":115.64,"curve":[0.25,0,0.75,1]},{"time":0.6,"x":113.89,"y":9.59,"curve":[0.25,0,0.75,1]},{"time":0.6333,"x":114.66,"y":4.23,"curve":[0.25,0,0.75,1]},{"time":0.6666,"x":113.89,"y":9.59,"curve":"stepped"},{"time":0.7333,"x":113.89,"y":9.59,"curve":[0.25,0,0.75,1]},{"time":0.9,"x":75.65,"y":46.14,"curve":[0.25,0,0.75,1]},{"time":0.9666,"x":12.4,"y":3.28,"curve":[0.25,0,0.75,1]},{"time":1.2333,"x":0,"y":0}]},"body":{"rotate":[{"time":0,"angle":0,"curve":"stepped"},{"time":0.1666,"angle":0,"curve":"stepped"},{"time":0.2333,"angle":0,"curve":"stepped"},{"time":0.3,"angle":0,"curve":"stepped"},{"time":0.3666,"angle":0,"curve":"stepped"},{"time":0.4333,"angle":0,"curve":"stepped"},{"time":1.2333,"angle":0}],"translate":[{"time":0,"x":0,"y":0},{"time":0.9,"x":0.68,"y":-0.99},{"time":1.2333,"x":0,"y":0}]},"leg_left_2":{"rotate":[{"time":0,"angle":0},{"time":0.1,"angle":9.79},{"time":0.1666,"angle":8.22,"curve":"stepped"},{"time":0.2333,"angle":8.22,"curve":"stepped"},{"time":0.3,"angle":8.22,"curve":"stepped"},{"time":0.3666,"angle":8.22,"curve":"stepped"},{"time":0.4333,"angle":8.22},{"time":0.5333,"angle":-39.99},{"time":0.6,"angle":116.06,"curve":"stepped"},{"time":0.6666,"angle":116.06,"curve":"stepped"},{"time":0.7333,"angle":116.06},{"time":0.9,"angle":31.88},{"time":1.2333,"angle":0}],"translate":[{"time":0,"x":0,"y":0,"curve":"stepped"},{"time":1.2333,"x":0,"y":0}]},"leg_right_2":{"rotate":[{"time":0,"angle":0,"curve":"stepped"},{"time":0.1666,"angle":0,"curve":"stepped"},{"time":0.2333,"angle":0,"curve":"stepped"},{"time":0.3,"angle":0,"curve":"stepped"},{"time":0.3666,"angle":0,"curve":"stepped"},{"time":0.4333,"angle":0},{"time":0.5333,"angle":-80.55},{"time":0.6,"angle":-7.91,"curve":"stepped"},{"time":0.6666,"angle":-7.91,"curve":"stepped"},{"time":0.7333,"angle":-7.91},{"time":1.2333,"angle":0}],"translate":[{"time":0,"x":0,"y":0,"curve":"stepped"},{"time":1.2333,"x":0,"y":0}]},"arm_left_2":{"rotate":[{"time":0,"angle":14.56,"curve":[0.066,0.14,0,0.72]},{"time":0.1,"angle":-187.52,"curve":[0.25,0,0.75,1]},{"time":0.1666,"angle":170.2,"curve":"stepped"},{"time":0.2333,"angle":170.2,"curve":"stepped"},{"time":0.3,"angle":170.2,"curve":"stepped"},{"time":0.3666,"angle":170.2,"curve":"stepped"},{"time":0.4333,"angle":170.2,"curve":[0.25,0,0.75,1]},{"time":0.6,"angle":-259.59,"curve":"stepped"},{"time":0.6666,"angle":-259.59,"curve":"stepped"},{"time":0.7333,"angle":-259.59},{"time":0.8333,"angle":68.09},{"time":0.9,"angle":35.77},{"time":1.2333,"angle":14.56}],"translate":[{"time":0,"x":0,"y":0,"curve":"stepped"},{"time":1.2333,"x":0,"y":0}],"scale":[{"time":0.4333,"x":0.993,"y":0.993}]},"arm_right_2":{"rotate":[{"time":0,"angle":0,"curve":[0.066,0.14,0,0.72]},{"time":0.1,"angle":109.53,"curve":[0.25,0,0.75,1]},{"time":0.1666,"angle":104.23,"curve":"stepped"},{"time":0.2333,"angle":104.23,"curve":"stepped"},{"time":0.3,"angle":104.23,"curve":"stepped"},{"time":0.3666,"angle":104.23,"curve":"stepped"},{"time":0.4333,"angle":104.23,"curve":[0.25,0,0.75,1]},{"time":0.6,"angle":325.95,"curve":"stepped"},{"time":0.6666,"angle":325.95,"curve":"stepped"},{"time":0.7333,"angle":325.95},{"time":0.9,"angle":21.7},{"time":1.2333,"angle":0}],"translate":[{"time":0,"x":0,"y":0,"curve":"stepped"},{"time":1.2333,"x":0,"y":0}]},"bone10":{"rotate":[{"time":0,"angle":0,"curve":"stepped"},{"time":0.1666,"angle":0,"curve":"stepped"},{"time":0.2333,"angle":0,"curve":"stepped"},{"time":0.3,"angle":0,"curve":"stepped"},{"time":0.3666,"angle":0,"curve":"stepped"},{"time":0.4333,"angle":0,"curve":"stepped"},{"time":1.2333,"angle":0}],"translate":[{"time":0,"x":0,"y":0,"curve":"stepped"},{"time":1.2333,"x":0,"y":0}]},"bone11":{"rotate":[{"time":0,"angle":0,"curve":"stepped"},{"time":0.1666,"angle":0,"curve":"stepped"},{"time":0.2333,"angle":0,"curve":"stepped"},{"time":0.3,"angle":0,"curve":"stepped"},{"time":0.3666,"angle":0,"curve":"stepped"},{"time":0.4333,"angle":0},{"time":0.5333,"angle":0.07},{"time":1.2333,"angle":0}],"translate":[{"time":0,"x":0,"y":0,"curve":"stepped"},{"time":1.2333,"x":0,"y":0}]},"bone9":{"rotate":[{"time":0,"angle":0,"curve":"stepped"},{"time":0.1666,"angle":0,"curve":"stepped"},{"time":0.2333,"angle":0,"curve":"stepped"},{"time":0.3,"angle":0,"curve":"stepped"},{"time":0.3666,"angle":0,"curve":"stepped"},{"time":0.4333,"angle":0,"curve":"stepped"},{"time":1.2333,"angle":0}],"translate":[{"time":0,"x":0,"y":0,"curve":"stepped"},{"time":1.2333,"x":0,"y":0}]},"face":{"rotate":[{"time":0,"angle":0,"curve":"stepped"},{"time":0.1666,"angle":0,"curve":"stepped"},{"time":0.2333,"angle":0,"curve":"stepped"},{"time":0.3,"angle":0,"curve":"stepped"},{"time":0.3666,"angle":0,"curve":"stepped"},{"time":0.4333,"angle":0,"curve":"stepped"},{"time":1.2333,"angle":0}],"translate":[{"time":0,"x":0,"y":0,"curve":"stepped"},{"time":1.2333,"x":0,"y":0}]},"left":{"rotate":[{"time":0,"angle":0,"curve":"stepped"},{"time":0.1666,"angle":0,"curve":"stepped"},{"time":0.2333,"angle":0,"curve":"stepped"},{"time":0.3,"angle":0,"curve":"stepped"},{"time":0.3666,"angle":0,"curve":"stepped"},{"time":0.4333,"angle":0,"curve":"stepped"},{"time":1.2333,"angle":0}],"translate":[{"time":0,"x":0,"y":0,"curve":"stepped"},{"time":1.2333,"x":0,"y":0}]},"leg_left_1":{"rotate":[{"time":0,"angle":0,"curve":"stepped"},{"time":0.1666,"angle":0,"curve":"stepped"},{"time":0.2333,"angle":0,"curve":"stepped"},{"time":0.3,"angle":0,"curve":"stepped"},{"time":0.3666,"angle":0,"curve":"stepped"},{"time":0.4333,"angle":0,"curve":"stepped"},{"time":1.2333,"angle":0}],"translate":[{"time":0,"x":0,"y":0,"curve":"stepped"},{"time":1.2333,"x":0,"y":0}]},"leg_right_1":{"rotate":[{"time":0,"angle":0,"curve":"stepped"},{"time":0.1666,"angle":0,"curve":"stepped"},{"time":0.2333,"angle":0,"curve":"stepped"},{"time":0.3,"angle":0,"curve":"stepped"},{"time":0.3666,"angle":0,"curve":"stepped"},{"time":0.4333,"angle":0,"curve":"stepped"},{"time":1.2333,"angle":0}],"translate":[{"time":0,"x":0,"y":0,"curve":"stepped"},{"time":1.2333,"x":0,"y":0}]},"right":{"rotate":[{"time":0,"angle":0,"curve":"stepped"},{"time":0.1666,"angle":0,"curve":"stepped"},{"time":0.2333,"angle":0,"curve":"stepped"},{"time":0.3,"angle":0,"curve":"stepped"},{"time":0.3666,"angle":0,"curve":"stepped"},{"time":0.4333,"angle":0,"curve":"stepped"},{"time":1.2333,"angle":0}],"translate":[{"time":0,"x":0,"y":0,"curve":"stepped"},{"time":1.2333,"x":0,"y":0}]},"arm_left_1":{"rotate":[{"time":0,"angle":6.13,"curve":[0.066,0.14,0,0.72]},{"time":0.1,"angle":-20.95,"curve":[0.25,0,0.75,1]},{"time":0.1666,"angle":-21.49,"curve":"stepped"},{"time":0.2333,"angle":-21.49,"curve":"stepped"},{"time":0.3,"angle":-21.49,"curve":"stepped"},{"time":0.3666,"angle":-21.49,"curve":"stepped"},{"time":0.4333,"angle":-21.49,"curve":[0.25,0,0.75,1]},{"time":0.6,"angle":-63.21,"curve":"stepped"},{"time":0.6666,"angle":-63.21,"curve":"stepped"},{"time":0.7333,"angle":-63.21},{"time":0.8333,"angle":-13.29},{"time":0.9,"angle":36.63},{"time":1.2333,"angle":6.13}],"translate":[{"time":0,"x":0,"y":0,"curve":"stepped"},{"time":1.2333,"x":0,"y":0}],"scale":[{"time":0.4333,"x":0.993,"y":0.993}]},"arm_right_1":{"rotate":[{"time":0,"angle":0,"curve":[0.066,0.14,0,0.72]},{"time":0.1,"angle":-41.52,"curve":[0.25,0,0.75,1]},{"time":0.1666,"angle":-42.14,"curve":"stepped"},{"time":0.2333,"angle":-42.14,"curve":"stepped"},{"time":0.3,"angle":-42.14,"curve":"stepped"},{"time":0.3666,"angle":-42.14,"curve":"stepped"},{"time":0.4333,"angle":-42.14,"curve":[0.25,0,0.75,1]},{"time":0.6,"angle":-95.87,"curve":"stepped"},{"time":0.6666,"angle":-95.87,"curve":"stepped"},{"time":0.7333,"angle":-95.87},{"time":0.9,"angle":-48.23},{"time":1.2333,"angle":0}],"translate":[{"time":0,"x":0,"y":0,"curve":"stepped"},{"time":1.2333,"x":0,"y":0}]},"bone":{"rotate":[{"time":0,"angle":0,"curve":"stepped"},{"time":0.1666,"angle":0,"curve":"stepped"},{"time":0.2333,"angle":0,"curve":"stepped"},{"time":0.3,"angle":0,"curve":"stepped"},{"time":0.3666,"angle":0,"curve":"stepped"},{"time":0.4333,"angle":0,"curve":"stepped"},{"time":1.2333,"angle":0}],"translate":[{"time":0,"x":0,"y":0,"curve":"stepped"},{"time":1.2333,"x":0,"y":0}]},"bone5":{"rotate":[{"time":0,"angle":0,"curve":"stepped"},{"time":0.1666,"angle":0,"curve":"stepped"},{"time":0.2333,"angle":0,"curve":"stepped"},{"time":0.3,"angle":0,"curve":"stepped"},{"time":0.3666,"angle":0,"curve":"stepped"},{"time":0.4333,"angle":0,"curve":"stepped"},{"time":1.2333,"angle":0}],"translate":[{"time":0,"x":0,"y":0,"curve":"stepped"},{"time":1.2333,"x":0,"y":0}]},"bone2":{"rotate":[{"time":0,"angle":0,"curve":"stepped"},{"time":0.1666,"angle":0,"curve":"stepped"},{"time":0.2333,"angle":0,"curve":"stepped"},{"time":0.3,"angle":0,"curve":"stepped"},{"time":0.3666,"angle":0,"curve":"stepped"},{"time":0.4333,"angle":0,"curve":"stepped"},{"time":1.2333,"angle":0}],"translate":[{"time":0,"x":0,"y":0,"curve":"stepped"},{"time":1.2333,"x":0,"y":0}]},"bone3":{"rotate":[{"time":0,"angle":0,"curve":"stepped"},{"time":0.1666,"angle":0,"curve":"stepped"},{"time":0.2333,"angle":0,"curve":"stepped"},{"time":0.3,"angle":0,"curve":"stepped"},{"time":0.3666,"angle":0,"curve":"stepped"},{"time":0.4333,"angle":0,"curve":"stepped"},{"time":1.2333,"angle":0}],"translate":[{"time":0,"x":0,"y":0,"curve":"stepped"},{"time":1.2333,"x":0,"y":0}]},"bone4":{"rotate":[{"time":0,"angle":0,"curve":"stepped"},{"time":0.1666,"angle":0,"curve":"stepped"},{"time":0.2333,"angle":0,"curve":"stepped"},{"time":0.3,"angle":0,"curve":"stepped"},{"time":0.3666,"angle":0,"curve":"stepped"},{"time":0.4333,"angle":0,"curve":"stepped"},{"time":1.2333,"angle":0}],"translate":[{"time":0,"x":0,"y":0,"curve":"stepped"},{"time":1.2333,"x":0,"y":0}]},"sword":{"rotate":[{"time":0,"angle":0},{"time":0.1,"angle":-43.93},{"time":0.1666,"angle":-23.66,"curve":"stepped"},{"time":0.2333,"angle":-23.66,"curve":"stepped"},{"time":0.3,"angle":-23.66,"curve":"stepped"},{"time":0.3666,"angle":-23.66,"curve":"stepped"},{"time":0.4333,"angle":-23.66},{"time":0.5333,"angle":8.78},{"time":0.6,"angle":-24.38,"curve":"stepped"},{"time":0.6666,"angle":-24.38,"curve":"stepped"},{"time":0.7333,"angle":-24.38},{"time":0.9,"angle":28.96},{"time":1.2333,"angle":0}],"translate":[{"time":0,"x":0,"y":0,"curve":"stepped"},{"time":1.2333,"x":0,"y":0}],"scale":[{"time":0,"x":1,"y":1,"curve":"stepped"},{"time":0.4666,"x":1,"y":1},{"time":0.6,"x":1.218,"y":1.218,"curve":"stepped"},{"time":0.6666,"x":1.218,"y":1.218,"curve":"stepped"},{"time":0.7333,"x":1.218,"y":1.218},{"time":1.2333,"x":1,"y":1}]},"bone6":{"rotate":[{"time":0,"angle":0,"curve":"stepped"},{"time":0.1666,"angle":0,"curve":"stepped"},{"time":0.2333,"angle":0,"curve":"stepped"},{"time":0.3,"angle":0,"curve":"stepped"},{"time":0.3666,"angle":0,"curve":"stepped"},{"time":0.4333,"angle":0,"curve":"stepped"},{"time":1.2333,"angle":0}],"translate":[{"time":0,"x":0,"y":0,"curve":"stepped"},{"time":1.2333,"x":0,"y":0}]},"bone7":{"rotate":[{"time":0,"angle":0,"curve":"stepped"},{"time":0.1666,"angle":0,"curve":"stepped"},{"time":0.2333,"angle":0,"curve":"stepped"},{"time":0.3,"angle":0,"curve":"stepped"},{"time":0.3666,"angle":0,"curve":"stepped"},{"time":0.4333,"angle":0,"curve":"stepped"},{"time":1.2333,"angle":0}],"translate":[{"time":0,"x":0,"y":0,"curve":"stepped"},{"time":1.2333,"x":0,"y":0}]},"bone8":{"rotate":[{"time":0,"angle":0,"curve":"stepped"},{"time":0.1666,"angle":0,"curve":"stepped"},{"time":0.2333,"angle":0,"curve":"stepped"},{"time":0.3,"angle":0,"curve":"stepped"},{"time":0.3666,"angle":0,"curve":"stepped"},{"time":0.4333,"angle":0,"curve":"stepped"},{"time":1.2333,"angle":0}],"translate":[{"time":0,"x":0,"y":0,"curve":"stepped"},{"time":1.2333,"x":0,"y":0}]}},"events":[{"time":0.6666,"name":"onAtk"},{"time":1.2333,"name":"onEnd"}]}}}